SEASON_ID,Player_ID,Game_ID,GAME_DATE,MATCHUP,WL,MIN,FGM,FGA,FG_PCT,FG3M,FG3A,FG3_PCT,FTM,FTA,FT_PCT,OREB,DREB,REB,AST,STL,BLK,TOV,PF,PTS,PLUS_MINUS,VIDEO_AVAILABLE,PLAYER_ID,fantasy_points
22023,2544,22301195,"Apr 14, 2024",LAL @ NOP,W,38,11,20,0.55,0,2,0.0,6,6,1.0,2,9,11,17,5,1,4,0,28,19,1,2544,76.25
22023,2544,22301177,"Apr 12, 2024",LAL @ MEM,W,41,13,20,0.65,3,7,0.429,8,11,0.727,2,7,9,5,2,0,8,1,37,-3,1,2544,51.75
22023,2544,22301155,"Apr 09, 2024",LAL vs. GSW,L,36,14,22,0.636,1,3,0.333,4,5,0.8,1,6,7,11,2,0,4,0,33,-6,1,2544,58.25
22023,2544,22301127,"Apr 06, 2024",LAL vs. CLE,W,36,10,18,0.556,1,5,0.2,3,5,0.6,0,5,5,12,1,1,5,1,24,10,1,2544,48.25
22023,2544,22301103,"Apr 03, 2024",LAL @ WAS,W,36,9,18,0.5,0,1,0.0,7,9,0.778,2,5,7,9,3,0,4,2,25,9,1,2544,49.25
22023,2544,22301094,"Apr 02, 2024",LAL @ TOR,W,29,10,12,0.833,1,1,1.0,2,5,0.4,0,4,4,9,0,0,1,0,23,13,1,2544,40.5
22023,2544,22301078,"Mar 31, 2024",LAL @ BKN,W,37,13,17,0.765,9,10,0.9,5,6,0.833,1,6,7,5,0,0,4,0,40,22,1,2544,52.25
22023,2544,22301063,"Mar 29, 2024",LAL @ IND,L,35,6,12,0.5,0,3,0.0,4,4,1.0,1,9,10,8,0,0,5,1,16,-13,1,2544,35.5
22023,2544,22301055,"Mar 27, 2024",LAL @ MEM,W,35,8,14,0.571,0,1,0.0,7,11,0.636,0,14,14,12,1,0,4,1,23,33,1,2544,56.5
22023,2544,22301032,"Mar 24, 2024",LAL vs. IND,W,38,8,19,0.421,2,4,0.5,8,8,1.0,1,4,5,10,1,1,3,1,26,12,1,2544,49.25
22023,2544,22301018,"Mar 22, 2024",LAL vs. PHI,W,38,7,15,0.467,1,3,0.333,5,7,0.714,0,8,8,6,0,1,8,1,20,7,1,2544,34.0
22023,2544,22300990,"Mar 18, 2024",LAL vs. ATL,W,29,10,14,0.714,2,5,0.4,3,3,1.0,0,7,7,10,0,0,2,0,25,20,1,2544,46.75
22023,2544,22300973,"Mar 16, 2024",LAL vs. GSW,L,38,15,23,0.652,3,5,0.6,7,8,0.875,3,5,8,9,1,1,4,1,40,-6,1,2544,64.5
22023,2544,22300954,"Mar 13, 2024",LAL @ SAC,L,40,6,16,0.375,2,8,0.25,4,6,0.667,1,12,13,9,2,0,5,3,18,-10,1,2544,46.75
22023,2544,22300932,"Mar 10, 2024",LAL vs. MIN,W,38,10,16,0.625,2,4,0.5,7,9,0.778,0,8,8,9,0,0,4,1,29,14,1,2544,48.5
22023,2544,22300901,"Mar 06, 2024",LAL vs. SAC,L,36,10,16,0.625,1,4,0.25,10,10,1.0,0,5,5,13,1,0,3,0,31,-3,1,2544,55.75
22023,2544,22300884,"Mar 04, 2024",LAL vs. OKC,W,31,7,14,0.5,1,3,0.333,4,5,0.8,1,10,11,8,1,0,3,1,19,14,1,2544,43.75
22023,2544,22300869,"Mar 02, 2024",LAL vs. DEN,L,37,12,20,0.6,2,5,0.4,0,2,0.0,0,4,4,9,3,0,3,1,26,-1,1,2544,47.5
22023,2544,22300856,"Feb 29, 2024",LAL vs. WAS,W,39,12,24,0.5,2,5,0.4,5,7,0.714,0,4,4,9,1,1,4,1,31,-5,1,2544,50.5
22023,2544,22300848,"Feb 28, 2024",LAL @ LAC,W,37,13,21,0.619,7,12,0.583,1,1,1.0,1,5,6,8,0,2,3,2,34,11,1,2544,56.5
22023,2544,22300818,"Feb 25, 2024",LAL @ PHX,L,37,12,19,0.632,3,6,0.5,1,4,0.25,1,6,7,12,2,1,3,3,28,-8,1,2544,58.75
22023,2544,22300813,"Feb 23, 2024",LAL vs. SAS,W,34,13,22,0.591,2,3,0.667,2,2,1.0,1,6,7,9,1,0,2,0,30,21,1,2544,52.25
22023,2544,22300776,"Feb 13, 2024",LAL vs. DET,W,31,9,15,0.6,3,6,0.5,4,4,1.0,0,1,1,8,0,0,4,0,25,9,1,2544,34.25
22023,2544,22300747,"Feb 09, 2024",LAL vs. NOP,W,38,6,13,0.462,2,2,1.0,7,8,0.875,1,3,4,14,1,1,2,2,21,15,1,2544,50.0
22023,2544,22300740,"Feb 08, 2024",LAL vs. DEN,L,35,9,20,0.45,2,6,0.333,5,5,1.0,1,8,9,7,1,1,2,0,25,-6,1,2544,49.75
22023,2544,22300713,"Feb 05, 2024",LAL @ CHA,W,40,12,22,0.545,0,5,0.0,2,3,0.667,0,4,4,7,1,1,4,2,26,2,1,2544,42.5
22023,2544,22300701,"Feb 03, 2024",LAL @ NYK,W,40,10,19,0.526,2,5,0.4,2,2,1.0,1,4,5,5,2,1,1,1,24,11,1,2544,43.75
22023,2544,22300669,"Jan 30, 2024",LAL @ ATL,L,36,7,17,0.412,2,6,0.333,4,9,0.444,2,7,9,8,1,1,3,1,20,-6,1,2544,45.25
22023,2544,22300662,"Jan 29, 2024",LAL @ HOU,L,37,9,15,0.6,2,5,0.4,3,8,0.375,0,6,6,10,1,1,1,4,23,-11,1,2544,49.5
22023,2544,22300650,"Jan 27, 2024",LAL @ GSW,W,48,14,25,0.56,2,4,0.5,6,6,1.0,1,19,20,12,0,0,3,2,36,-6,1,2544,76.0
22023,2544,22300633,"Jan 25, 2024",LAL vs. CHI,W,36,10,19,0.526,3,4,0.75,2,2,1.0,0,4,4,12,2,0,5,2,25,14,1,2544,47.0
22023,2544,22300605,"Jan 21, 2024",LAL vs. POR,W,31,8,16,0.5,3,8,0.375,9,10,0.9,0,5,5,5,0,0,3,2,28,28,1,2544,38.75
22023,2544,22300591,"Jan 19, 2024",LAL vs. BKN,L,34,9,22,0.409,2,5,0.4,4,5,0.8,5,6,11,5,0,0,4,1,24,-13,1,2544,41.25
22023,2544,22300577,"Jan 17, 2024",LAL vs. DAL,W,33,10,19,0.526,3,7,0.429,2,2,1.0,1,7,8,8,1,0,3,1,25,20,1,2544,46.0
22023,2544,22300565,"Jan 15, 2024",LAL vs. OKC,W,39,12,20,0.6,1,2,0.5,0,1,0.0,0,7,7,6,0,0,5,1,25,2,1,2544,37.75
22023,2544,22300531,"Jan 11, 2024",LAL vs. PHX,L,24,3,11,0.273,0,4,0.0,4,7,0.571,0,5,5,9,1,0,4,1,10,-25,1,2544,27.75
22023,2544,22300516,"Jan 09, 2024",LAL vs. TOR,W,35,8,17,0.471,2,5,0.4,4,6,0.667,0,5,5,12,1,1,3,0,22,0,1,2544,48.25
22023,2544,22300505,"Jan 07, 2024",LAL vs. LAC,W,38,11,19,0.579,1,3,0.333,2,3,0.667,1,7,8,7,1,0,4,2,25,5,1,2544,43.5
22023,2544,22300491,"Jan 05, 2024",LAL vs. MEM,L,39,11,24,0.458,4,9,0.444,6,10,0.6,2,3,5,7,5,0,4,0,32,-8,1,2544,54.75
22023,2544,22300475,"Jan 03, 2024",LAL vs. MIA,L,38,6,18,0.333,0,6,0.0,0,0,0.0,0,6,6,9,0,0,2,2,12,-20,1,2544,31.0
22023,2544,22300446,"Dec 31, 2023",LAL @ NOP,L,37,12,24,0.5,3,7,0.429,7,8,0.875,0,5,5,8,0,1,4,2,34,-11,1,2544,51.25
22023,2544,22300443,"Dec 30, 2023",LAL @ MIN,L,39,10,21,0.476,1,4,0.25,5,7,0.714,0,3,3,6,3,1,1,2,26,-5,1,2544,46.75
22023,2544,22300428,"Dec 28, 2023",LAL vs. CHA,W,25,7,13,0.538,2,5,0.4,1,1,1.0,0,4,4,11,0,0,3,0,17,1,1,2544,35.5
22023,2544,22300403,"Dec 25, 2023",LAL vs. BOS,L,37,5,14,0.357,1,2,0.5,5,6,0.833,0,9,9,8,0,0,3,1,16,-11,1,2544,36.25
22023,2544,22300397,"Dec 23, 2023",LAL @ OKC,W,37,13,20,0.65,5,5,1.0,9,9,1.0,2,5,7,7,2,2,3,0,40,10,1,2544,66.25
22023,2544,22300370,"Dec 20, 2023",LAL @ CHI,L,37,10,18,0.556,1,3,0.333,4,4,1.0,2,8,10,9,1,2,5,0,25,-11,1,2544,54.0
22023,2544,22300359,"Dec 18, 2023",LAL vs. NYK,L,39,10,23,0.435,2,8,0.25,3,4,0.75,1,10,11,11,1,0,2,1,25,-13,1,2544,55.25
22023,2544,22300331,"Dec 15, 2023",LAL @ SAS,L,36,7,17,0.412,2,6,0.333,7,10,0.7,2,5,7,14,2,0,2,1,23,-28,1,2544,54.75
22023,2544,22300306,"Dec 12, 2023",LAL @ DAL,L,40,14,27,0.519,3,8,0.375,2,3,0.667,2,6,8,9,3,1,4,1,33,-4,1,2544,61.5
22023,2544,22301230,"Dec 07, 2023",LAL vs. NOP,W,23,9,12,0.75,4,4,1.0,8,8,1.0,0,5,5,8,0,0,0,1,30,36,1,2544,48.25
22023,2544,22301203,"Dec 05, 2023",LAL vs. PHX,W,40,12,25,0.48,2,4,0.5,5,6,0.833,3,5,8,11,5,0,2,3,31,12,1,2544,65.5
22023,2544,22300291,"Dec 02, 2023",LAL vs. HOU,W,35,7,17,0.412,0,4,0.0,2,5,0.4,0,4,4,7,1,1,5,0,16,16,1,2544,31.5
22023,2544,22300271,"Nov 30, 2023",LAL @ OKC,L,35,7,12,0.583,4,8,0.5,3,4,0.75,2,10,12,6,1,1,5,1,21,-18,1,2544,45.0
22023,2544,22300258,"Nov 29, 2023",LAL @ DET,W,29,9,19,0.474,2,6,0.333,5,5,1.0,2,6,8,3,0,0,1,0,25,26,1,2544,38.5
22023,2544,22300255,"Nov 27, 2023",LAL @ PHI,L,30,8,12,0.667,1,1,1.0,1,2,0.5,0,0,0,5,1,1,1,0,18,-30,1,2544,29.5
22023,2544,22300242,"Nov 25, 2023",LAL @ CLE,W,36,8,23,0.348,1,9,0.111,5,7,0.714,1,5,6,6,2,2,4,1,22,2,1,2544,44.5
22023,2544,22300238,"Nov 22, 2023",LAL vs. DAL,L,36,9,19,0.474,4,9,0.444,4,7,0.571,2,7,9,7,0,0,3,0,26,7,1,2544,44.75
22023,2544,22300042,"Nov 21, 2023",LAL vs. UTA,W,24,6,10,0.6,3,5,0.6,2,2,1.0,1,6,7,9,0,0,2,0,17,14,1,2544,37.25
22023,2544,22300216,"Nov 19, 2023",LAL vs. HOU,W,40,14,19,0.737,2,5,0.4,7,9,0.778,1,5,6,8,3,0,2,0,37,2,1,2544,60.5
22023,2544,22300036,"Nov 17, 2023",LAL @ POR,W,35,13,22,0.591,5,9,0.556,4,6,0.667,0,5,5,9,2,0,3,3,35,19,1,2544,55.75
22023,2544,22300198,"Nov 15, 2023",LAL vs. SAC,L,35,9,15,0.6,3,7,0.429,7,8,0.875,2,8,10,12,4,1,6,1,28,0,1,2544,63.5
22023,2544,22300026,"Nov 14, 2023",LAL vs. MEM,W,23,6,11,0.545,3,6,0.5,1,2,0.5,0,9,9,6,1,0,4,1,16,15,1,2544,34.25
22023,2544,22300015,"Nov 10, 2023",LAL @ PHX,W,36,11,17,0.647,3,4,0.75,7,11,0.636,1,10,11,6,1,1,4,1,32,2,1,2544,55.75
22023,2544,22300163,"Nov 08, 2023",LAL @ HOU,L,27,7,13,0.538,0,2,0.0,4,5,0.8,1,5,6,2,0,0,3,1,18,-24,1,2544,25.5
22023,2544,22300150,"Nov 06, 2023",LAL @ MIA,L,37,13,23,0.565,0,4,0.0,4,4,1.0,0,4,4,3,1,3,5,4,30,6,1,2544,45.5
22023,2544,22300134,"Nov 04, 2023",LAL @ ORL,L,35,8,15,0.533,2,5,0.4,6,7,0.857,1,8,9,5,3,0,3,1,24,12,1,2544,45.75
22023,2544,22300127,"Nov 01, 2023",LAL vs. LAC,W,42,13,19,0.684,4,8,0.5,5,10,0.5,0,12,12,7,1,2,4,3,35,6,1,2544,64.5
22023,2544,22300111,"Oct 30, 2023",LAL vs. ORL,W,33,7,17,0.412,2,6,0.333,3,4,0.75,0,3,3,4,3,1,5,0,19,5,1,2544,32.75
22023,2544,22300100,"Oct 29, 2023",LAL @ SAC,L,39,11,19,0.579,3,8,0.375,2,6,0.333,0,15,15,8,0,0,8,2,27,-5,1,2544,49.75
22023,2544,22300076,"Oct 26, 2023",LAL vs. PHX,W,35,7,14,0.5,1,5,0.2,6,8,0.75,1,7,8,9,2,2,5,1,21,22,1,2544,49.5
22023,2544,22300061,"Oct 24, 2023",LAL @ DEN,L,29,10,16,0.625,1,4,0.25,0,1,0.0,1,7,8,5,1,0,0,1,21,7,1,2544,40.5
22023,201939,22301182,"Apr 12, 2024",GSW vs. NOP,L,32,12,23,0.522,7,13,0.538,2,2,1.0,0,4,4,5,1,0,7,2,33,-8,1,201939,40.5
22023,201939,22301169,"Apr 11, 2024",GSW @ POR,W,36,8,22,0.364,5,16,0.313,1,1,1.0,0,7,7,8,1,2,2,0,22,7,1,201939,48.75
22023,201939,22301155,"Apr 09, 2024",GSW @ LAL,W,32,7,9,0.778,6,6,1.0,3,4,0.75,0,7,7,8,1,2,1,2,23,13,1,201939,50.75
22023,201939,22301097,"Apr 05, 2024",GSW @ DAL,L,35,9,23,0.391,5,14,0.357,5,6,0.833,1,5,6,5,1,0,2,2,28,-5,1,201939,43.0
22023,201939,22301113,"Apr 04, 2024",GSW @ HOU,W,31,9,14,0.643,2,6,0.333,9,9,1.0,0,6,6,6,0,0,3,2,29,29,1,201939,42.5
22023,201939,22300589,"Apr 02, 2024",GSW vs. DAL,W,32,5,18,0.278,3,5,0.6,0,0,0.0,0,7,7,7,1,2,4,1,13,-4,1,201939,36.25
22023,201939,22301085,"Mar 31, 2024",GSW @ SAS,W,33,12,23,0.522,7,15,0.467,2,2,1.0,0,1,1,8,0,0,4,1,33,12,1,201939,42.25
22023,201939,22301062,"Mar 29, 2024",GSW @ CHA,W,32,9,18,0.5,4,11,0.364,1,1,1.0,0,1,1,4,1,0,0,1,23,13,1,201939,32.25
22023,201939,22301049,"Mar 27, 2024",GSW @ ORL,W,35,6,18,0.333,3,8,0.375,2,2,1.0,0,4,4,10,0,0,2,2,17,18,1,201939,35.0
22023,201939,22301044,"Mar 26, 2024",GSW @ MIA,W,31,7,15,0.467,3,10,0.3,0,0,0.0,1,1,2,6,0,0,1,1,17,19,1,201939,27.5
22023,201939,22301031,"Mar 24, 2024",GSW @ MIN,L,30,9,21,0.429,5,11,0.455,8,8,1.0,0,4,4,3,0,0,2,1,31,6,1,201939,38.5
22023,201939,22301016,"Mar 22, 2024",GSW vs. IND,L,35,9,24,0.375,6,18,0.333,1,1,1.0,3,8,11,5,0,0,1,0,25,-13,1,201939,45.25
22023,201939,22301001,"Mar 20, 2024",GSW vs. MEM,W,24,5,9,0.556,4,7,0.571,0,0,0.0,1,1,2,3,0,1,2,1,14,17,1,201939,22.0
22023,201939,22300988,"Mar 18, 2024",GSW vs. NYK,L,33,8,20,0.4,4,13,0.308,7,7,1.0,0,5,5,5,0,0,2,1,27,-9,1,201939,38.75
22023,201939,22300973,"Mar 16, 2024",GSW @ LAL,W,34,12,24,0.5,3,10,0.3,4,5,0.8,1,5,6,5,2,0,1,0,31,4,1,201939,49.0
22023,201939,22300907,"Mar 07, 2024",GSW vs. CHI,L,29,5,18,0.278,3,12,0.25,2,2,1.0,0,3,3,1,0,0,2,1,15,9,1,201939,18.25
22023,201939,22300899,"Mar 06, 2024",GSW vs. MIL,W,31,10,18,0.556,6,10,0.6,3,4,0.75,2,6,8,5,0,0,2,1,29,15,1,201939,44.5
22023,201939,22300872,"Mar 03, 2024",GSW @ BOS,L,17,2,13,0.154,0,9,0.0,0,0,0.0,0,1,1,3,0,0,2,0,4,-29,1,201939,7.75
22023,201939,22300860,"Mar 01, 2024",GSW @ TOR,W,30,9,22,0.409,7,15,0.467,0,0,0.0,2,4,6,6,0,0,4,2,25,12,1,201939,37.5
22023,201939,22300852,"Feb 29, 2024",GSW @ NYK,W,32,11,26,0.423,8,18,0.444,1,1,1.0,2,9,11,1,1,0,3,0,31,20,1,201939,45.25
22023,201939,22300834,"Feb 27, 2024",GSW @ WAS,W,30,6,21,0.286,4,16,0.25,2,2,1.0,0,5,5,6,1,1,3,1,18,1,1,201939,35.25
22023,201939,22300824,"Feb 25, 2024",GSW vs. DEN,L,32,6,19,0.316,1,10,0.1,7,8,0.875,0,1,1,4,0,0,3,2,20,-22,1,201939,24.25
22023,201939,22300811,"Feb 23, 2024",GSW vs. CHA,W,31,5,14,0.357,3,11,0.273,2,2,1.0,0,2,2,5,1,0,4,1,15,10,1,201939,23.0
22023,201939,22300802,"Feb 22, 2024",GSW vs. LAL,W,32,12,24,0.5,6,13,0.462,2,2,1.0,0,1,1,8,3,0,1,1,32,25,1,201939,50.25
22023,201939,22300576,"Feb 15, 2024",GSW @ UTA,W,35,4,14,0.286,2,8,0.25,6,8,0.75,1,1,2,10,1,0,4,2,16,-2,1,201939,31.5
22023,201939,22300789,"Feb 14, 2024",GSW vs. LAC,L,35,15,31,0.484,9,19,0.474,2,2,1.0,1,3,4,5,0,0,4,3,41,-6,1,201939,49.5
22023,201939,22300769,"Feb 12, 2024",GSW @ UTA,W,32,9,19,0.474,7,16,0.438,0,0,0.0,0,6,6,10,3,1,1,1,25,30,1,201939,55.5
22023,201939,22300757,"Feb 10, 2024",GSW vs. PHX,W,34,10,22,0.455,9,16,0.563,1,2,0.5,1,8,9,6,1,0,3,0,30,10,1,201939,49.25
22023,201939,22300733,"Feb 08, 2024",GSW @ IND,W,30,15,22,0.682,11,16,0.688,1,2,0.5,0,2,2,2,0,1,2,2,42,13,1,201939,48.5
22023,201939,22300727,"Feb 07, 2024",GSW @ PHI,W,25,2,7,0.286,1,4,0.25,4,4,1.0,0,3,3,1,0,1,4,2,9,13,1,201939,13.25
22023,201939,22300717,"Feb 05, 2024",GSW @ BKN,W,34,12,24,0.5,4,11,0.364,1,1,1.0,1,4,5,3,0,0,4,2,29,6,1,201939,35.75
22023,201939,22300699,"Feb 03, 2024",GSW @ ATL,L,41,22,38,0.579,10,23,0.435,6,6,1.0,1,5,6,4,0,1,2,1,60,-1,1,201939,74.5
22023,201939,22300693,"Feb 02, 2024",GSW @ MEM,W,32,6,16,0.375,4,9,0.444,4,4,1.0,0,6,6,6,1,0,3,1,20,12,1,201939,35.5
22023,201939,22300673,"Jan 30, 2024",GSW vs. PHI,W,35,12,17,0.706,8,13,0.615,5,5,1.0,1,7,8,7,0,1,5,2,37,26,1,201939,55.5
22023,201939,22300650,"Jan 27, 2024",GSW vs. LAL,L,43,17,35,0.486,9,21,0.429,3,3,1.0,0,3,3,7,1,0,4,4,46,-2,1,201939,58.25
22023,201939,22300632,"Jan 25, 2024",GSW vs. SAC,L,36,13,26,0.5,6,14,0.429,1,1,1.0,1,5,6,2,1,0,2,0,33,-8,1,201939,43.5
22023,201939,22300626,"Jan 24, 2024",GSW vs. ATL,W,31,7,16,0.438,5,8,0.625,6,6,1.0,0,3,3,8,0,0,1,3,25,9,1,201939,39.75
22023,201939,22300560,"Jan 15, 2024",GSW @ MEM,L,33,11,20,0.55,3,9,0.333,1,1,1.0,1,3,4,8,2,1,5,4,26,-2,1,201939,45.0
22023,201939,22300536,"Jan 12, 2024",GSW @ CHI,W,35,8,24,0.333,6,15,0.4,5,5,1.0,0,5,5,9,1,0,1,1,27,5,1,201939,47.75
22023,201939,22300525,"Jan 10, 2024",GSW vs. NOP,L,25,4,13,0.308,3,8,0.375,4,4,1.0,0,1,1,6,1,0,3,0,15,-4,1,201939,24.25
22023,201939,22300504,"Jan 07, 2024",GSW vs. TOR,L,30,2,14,0.143,0,9,0.0,5,5,1.0,0,1,1,6,0,0,2,3,9,-17,1,201939,17.25
22023,201939,22300490,"Jan 05, 2024",GSW vs. DET,W,31,7,19,0.368,4,12,0.333,8,9,0.889,0,6,6,4,1,1,4,0,26,0,1,201939,40.5
22023,201939,22300478,"Jan 04, 2024",GSW vs. DEN,L,35,11,23,0.478,5,12,0.417,3,3,1.0,0,4,4,6,1,1,2,1,30,-1,1,201939,47.0
22023,201939,22300463,"Jan 02, 2024",GSW vs. ORL,W,35,12,20,0.6,4,9,0.444,8,11,0.727,1,1,2,6,4,1,2,4,36,12,1,201939,56.5
22023,201939,22300444,"Dec 30, 2023",GSW vs. DAL,L,35,9,25,0.36,6,15,0.4,1,1,1.0,0,2,2,7,1,0,3,3,25,-6,1,201939,37.0
22023,201939,22300426,"Dec 28, 2023",GSW vs. MIA,L,32,3,15,0.2,2,8,0.25,5,6,0.833,0,4,4,5,2,1,1,1,13,-14,1,201939,31.5
22023,201939,22300402,"Dec 25, 2023",GSW @ DEN,L,34,7,21,0.333,3,13,0.231,1,1,1.0,1,1,2,4,1,1,3,4,18,-26,1,201939,28.5
22023,201939,22300399,"Dec 23, 2023",GSW vs. POR,W,30,11,18,0.611,2,7,0.286,3,3,1.0,0,3,3,2,0,0,1,1,27,4,1,201939,32.75
22023,201939,22300386,"Dec 22, 2023",GSW vs. WAS,W,27,9,18,0.5,8,13,0.615,4,5,0.8,0,4,4,7,0,1,2,0,30,-1,1,201939,46.5
22023,201939,22300362,"Dec 19, 2023",GSW vs. BOS,W,38,11,21,0.524,6,11,0.545,5,5,1.0,0,3,3,6,0,0,4,5,33,8,1,201939,41.75
22023,201939,22300348,"Dec 17, 2023",GSW @ POR,W,31,2,12,0.167,0,8,0.0,3,4,0.75,0,2,2,8,1,1,4,1,7,14,1,201939,22.5
22023,201939,22300339,"Dec 16, 2023",GSW vs. BKN,W,35,14,22,0.636,6,8,0.75,3,3,1.0,0,3,3,1,0,3,3,1,37,7,1,201939,48.25
22023,201939,22300325,"Dec 14, 2023",GSW @ LAC,L,34,5,17,0.294,3,13,0.231,4,4,1.0,0,4,4,4,0,0,1,3,17,-3,1,201939,27.0
22023,201939,22300308,"Dec 12, 2023",GSW @ PHX,L,32,8,24,0.333,4,15,0.267,4,4,1.0,0,5,5,4,3,0,1,2,24,-15,1,201939,41.25
22023,201939,22301222,"Dec 08, 2023",GSW @ OKC,L,40,10,20,0.5,6,12,0.5,8,8,1.0,0,6,6,3,1,0,3,0,34,-5,1,201939,45.0
22023,201939,22301214,"Dec 06, 2023",GSW vs. POR,W,34,8,18,0.444,5,13,0.385,10,11,0.909,0,5,5,1,0,0,4,2,31,4,1,201939,34.75
22023,201939,22300280,"Dec 02, 2023",GSW @ LAC,L,37,7,18,0.389,4,9,0.444,4,4,1.0,1,3,4,11,0,0,2,0,22,2,1,201939,41.5
22023,201939,22300273,"Nov 30, 2023",GSW vs. LAC,W,33,8,15,0.533,3,9,0.333,7,9,0.778,0,7,7,8,1,1,2,2,26,-4,1,201939,49.75
22023,201939,22300060,"Nov 28, 2023",GSW @ SAC,L,37,8,20,0.4,4,12,0.333,9,9,1.0,3,7,10,6,0,1,5,5,29,7,1,201939,48.5
22023,201939,22300051,"Nov 24, 2023",GSW vs. SAS,W,35,11,20,0.55,7,14,0.5,6,6,1.0,0,3,3,6,1,0,6,2,35,4,1,201939,43.75
22023,201939,22300236,"Nov 22, 2023",GSW @ PHX,L,28,6,15,0.4,1,8,0.125,3,3,1.0,0,3,3,6,0,0,2,2,16,-17,1,201939,26.75
22023,201939,22300224,"Nov 20, 2023",GSW vs. HOU,W,35,8,14,0.571,5,9,0.556,11,12,0.917,0,5,5,1,0,0,4,2,32,-3,1,201939,35.75
22023,201939,22300207,"Nov 18, 2023",GSW vs. OKC,L,40,8,21,0.381,5,11,0.455,4,4,1.0,0,7,7,3,0,0,2,2,25,0,1,201939,36.25
22023,201939,22300186,"Nov 12, 2023",GSW vs. MIN,L,36,11,25,0.44,5,13,0.385,11,12,0.917,1,4,5,3,1,0,5,2,38,-4,1,201939,45.75
22023,201939,22300176,"Nov 11, 2023",GSW vs. CLE,L,33,9,24,0.375,4,14,0.286,8,8,1.0,1,2,3,2,1,1,4,1,30,-8,1,201939,37.75
22023,201939,22300169,"Nov 08, 2023",GSW @ DEN,L,34,6,17,0.353,6,13,0.462,5,5,1.0,1,4,5,4,1,0,3,2,23,-10,1,201939,34.25
22023,201939,22300145,"Nov 06, 2023",GSW @ DET,W,33,12,26,0.462,7,17,0.412,3,4,0.75,0,2,2,4,0,0,3,1,34,17,1,201939,39.5
22023,201939,22300142,"Nov 05, 2023",GSW @ CLE,L,31,8,16,0.5,7,11,0.636,5,6,0.833,0,2,2,4,1,0,6,0,28,-6,1,201939,32.5
22023,201939,22300005,"Nov 03, 2023",GSW @ OKC,W,31,9,15,0.6,5,10,0.5,7,7,1.0,3,5,8,7,2,0,3,1,30,5,1,201939,51.5
22023,201939,22300126,"Nov 01, 2023",GSW vs. SAC,W,32,7,15,0.467,4,10,0.4,3,3,1.0,1,4,5,3,0,0,7,3,21,-6,1,201939,24.75
22023,201939,22300108,"Oct 30, 2023",GSW @ NOP,W,30,15,22,0.682,7,13,0.538,5,7,0.714,0,5,5,5,2,0,3,1,42,13,1,201939,56.75
22023,201939,22300096,"Oct 29, 2023",GSW @ HOU,W,31,6,16,0.375,6,14,0.429,6,6,1.0,1,6,7,6,0,1,1,1,24,-2,1,201939,43.75
22023,201939,22300087,"Oct 27, 2023",GSW @ SAC,W,35,14,19,0.737,7,10,0.7,6,6,1.0,1,3,4,4,2,0,4,0,41,10,1,201939,52.0
22023,201939,22300062,"Oct 24, 2023",GSW vs. PHX,L,31,8,20,0.4,4,14,0.286,7,7,1.0,1,4,5,1,1,0,2,5,27,-9,1,201939,34.75
22023,1629029,22301161,"Apr 10, 2024",DAL @ MIA,W,36,9,23,0.391,4,15,0.267,7,8,0.875,1,8,9,9,0,0,3,4,29,7,1,1629029,50.75
22023,1629029,22301144,"Apr 09, 2024",DAL @ CHA,W,35,13,25,0.52,8,17,0.471,5,7,0.714,2,10,12,10,0,1,4,2,39,22,1,1629029,68.0
22023,1629029,22301131,"Apr 07, 2024",DAL vs. HOU,W,45,12,21,0.571,4,10,0.4,9,9,1.0,2,7,9,12,0,2,7,5,37,20,1,1629029,65.25
22023,1629029,22301124,"Apr 04, 2024",DAL vs. ATL,W,37,8,25,0.32,6,15,0.4,3,3,1.0,0,12,12,8,2,1,5,3,25,21,1,1629029,54.0
22023,1629029,22300589,"Apr 02, 2024",DAL @ GSW,L,39,11,22,0.5,5,11,0.455,3,4,0.75,1,11,12,11,0,0,5,1,30,9,1,1629029,56.5
22023,1629029,22301083,"Mar 31, 2024",DAL @ HOU,W,35,18,30,0.6,9,16,0.563,2,5,0.4,0,12,12,7,2,0,4,1,47,12,1,1629029,72.5
22023,1629029,22301073,"Mar 29, 2024",DAL @ SAC,W,41,6,14,0.429,4,8,0.5,10,14,0.714,0,9,9,12,2,0,5,2,26,6,1,1629029,54.25
22023,1629029,22301047,"Mar 26, 2024",DAL @ SAC,W,32,10,18,0.556,4,8,0.5,4,5,0.8,1,10,11,6,2,0,4,4,28,18,1,1629029,50.75
22023,1629029,22301041,"Mar 25, 2024",DAL @ UTA,W,41,10,24,0.417,2,11,0.182,7,8,0.875,2,10,12,13,1,1,4,3,29,10,1,1629029,64.5
22023,1629029,22301008,"Mar 21, 2024",DAL vs. UTA,W,35,11,23,0.478,4,10,0.4,8,12,0.667,1,8,9,8,4,0,4,2,34,-3,1,1629029,61.25
22023,1629029,22300994,"Mar 19, 2024",DAL @ SAS,W,40,6,27,0.222,2,12,0.167,4,5,0.8,0,10,10,16,1,0,4,0,18,5,1,1629029,52.5
22023,1629029,22300978,"Mar 17, 2024",DAL vs. DEN,W,40,12,27,0.444,5,11,0.455,8,10,0.8,4,6,10,3,2,0,3,3,37,-1,1,1629029,55.0
22023,1629029,22300952,"Mar 13, 2024",DAL vs. GSW,W,30,7,18,0.389,1,6,0.167,6,8,0.75,1,2,3,9,0,0,6,0,21,14,1,1629029,32.25
22023,1629029,22300935,"Mar 11, 2024",DAL @ CHI,W,34,9,23,0.391,6,15,0.4,3,4,0.75,2,10,12,14,1,0,2,2,27,34,1,1629029,63.0
22023,1629029,22300919,"Mar 09, 2024",DAL @ DET,W,37,13,24,0.542,4,13,0.308,9,10,0.9,0,10,10,10,3,2,6,1,39,13,1,1629029,72.5
22023,1629029,22300904,"Mar 07, 2024",DAL vs. MIA,W,40,12,24,0.5,7,13,0.538,4,4,1.0,0,11,11,11,1,0,4,2,35,11,1,1629029,63.25
22023,1629029,22300892,"Mar 05, 2024",DAL vs. IND,L,43,15,30,0.5,4,13,0.308,5,6,0.833,0,10,10,11,0,0,5,4,39,-18,1,1629029,63.0
22023,1629029,22300871,"Mar 03, 2024",DAL vs. PHI,L,40,14,27,0.519,4,10,0.4,6,6,1.0,2,9,11,10,1,0,7,2,38,9,1,1629029,61.75
22023,1629029,22300859,"Mar 01, 2024",DAL @ BOS,L,37,14,25,0.56,3,9,0.333,6,8,0.75,3,9,12,11,0,0,2,3,37,-20,1,1629029,66.5
22023,1629029,22300844,"Feb 28, 2024",DAL @ TOR,W,36,11,23,0.478,1,8,0.125,7,9,0.778,1,11,12,16,2,0,5,3,30,11,1,1629029,68.0
22023,1629029,22300832,"Feb 27, 2024",DAL @ CLE,L,41,17,29,0.586,6,11,0.545,5,5,1.0,0,9,9,14,3,0,1,1,45,13,1,1629029,82.25
22023,1629029,22300819,"Feb 25, 2024",DAL @ IND,L,33,10,21,0.476,4,8,0.5,9,12,0.75,1,5,6,6,1,2,3,4,33,-13,1,1629029,54.5
22023,1629029,22300796,"Feb 22, 2024",DAL vs. PHX,W,38,14,27,0.519,6,11,0.545,7,7,1.0,0,9,9,11,3,0,3,4,41,9,1,1629029,71.75
22023,1629029,22300785,"Feb 14, 2024",DAL vs. SAS,W,31,11,20,0.55,1,8,0.125,4,4,1.0,0,9,9,8,2,1,5,2,27,25,1,1629029,52.25
22023,1629029,22300768,"Feb 12, 2024",DAL vs. WAS,W,37,8,16,0.5,2,7,0.286,8,11,0.727,1,10,11,15,1,2,5,3,26,19,1,1629029,65.25
22023,1629029,22300748,"Feb 10, 2024",DAL vs. OKC,W,31,9,14,0.643,4,8,0.5,10,13,0.769,0,8,8,9,0,0,3,3,32,18,1,1629029,52.5
22023,1629029,22300736,"Feb 08, 2024",DAL @ NYK,W,40,13,24,0.542,7,14,0.5,6,7,0.857,0,8,8,11,4,1,3,1,39,18,1,1629029,73.5
22023,1629029,22300720,"Feb 06, 2024",DAL @ BKN,W,43,13,27,0.481,4,11,0.364,5,10,0.5,1,17,18,9,2,1,1,3,35,6,1,1629029,77.0
22023,1629029,22300715,"Feb 05, 2024",DAL @ PHI,W,36,6,15,0.4,4,10,0.4,3,5,0.6,0,8,8,3,1,0,3,3,19,17,1,1629029,32.5
22023,1629029,22300702,"Feb 03, 2024",DAL vs. MIL,L,42,13,26,0.5,4,12,0.333,10,11,0.909,1,8,9,11,1,0,9,4,40,-12,1,1629029,60.75
22023,1629029,22300666,"Jan 29, 2024",DAL vs. ORL,W,43,12,23,0.522,3,8,0.375,18,21,0.857,0,9,9,15,2,0,4,4,45,3,1,1629029,78.75
22023,1629029,22300651,"Jan 27, 2024",DAL vs. SAC,L,46,9,26,0.346,1,9,0.111,9,12,0.75,2,8,10,17,2,1,3,3,28,2,1,1629029,70.0
22023,1629029,22300634,"Jan 26, 2024",DAL @ ATL,W,45,25,33,0.758,8,13,0.615,15,16,0.938,0,10,10,7,1,0,4,1,73,13,1,1629029,94.0
22023,1629029,22300625,"Jan 24, 2024",DAL vs. PHX,L,39,11,24,0.458,4,11,0.364,8,12,0.667,1,7,8,9,1,2,5,1,34,-22,1,1629029,60.5
22023,1629029,22300611,"Jan 22, 2024",DAL vs. BOS,L,40,12,30,0.4,2,8,0.25,7,11,0.636,5,13,18,13,2,0,3,5,33,-13,1,1629029,76.0
22023,1629029,22300577,"Jan 17, 2024",DAL @ LAL,L,36,12,24,0.5,2,9,0.222,7,9,0.778,0,13,13,10,2,2,4,2,33,-15,1,1629029,70.25
22023,1629029,22300515,"Jan 09, 2024",DAL vs. MEM,L,36,9,21,0.429,2,8,0.25,11,15,0.733,0,6,6,6,3,0,3,1,31,-14,1,1629029,50.5
22023,1629029,22300501,"Jan 07, 2024",DAL vs. MIN,W,39,12,26,0.462,5,12,0.417,5,8,0.625,0,6,6,8,1,0,3,3,34,5,1,1629029,52.5
22023,1629029,22300472,"Jan 03, 2024",DAL vs. POR,W,31,13,21,0.619,4,7,0.571,11,14,0.786,0,6,6,5,1,0,4,1,41,23,1,1629029,54.0
22023,1629029,22300457,"Jan 01, 2024",DAL @ UTA,L,34,6,20,0.3,3,13,0.231,4,6,0.667,0,6,6,14,1,0,4,1,19,-17,1,1629029,45.5
22023,1629029,22300444,"Dec 30, 2023",DAL @ GSW,W,38,14,29,0.483,5,13,0.385,6,7,0.857,0,8,8,10,1,1,4,3,39,9,1,1629029,65.0
22023,1629029,22300420,"Dec 27, 2023",DAL vs. CLE,L,37,14,29,0.483,3,10,0.3,8,10,0.8,0,7,7,6,2,2,5,0,39,-9,1,1629029,61.75
22023,1629029,22300405,"Dec 25, 2023",DAL @ PHX,W,44,15,25,0.6,8,16,0.5,12,12,1.0,1,5,6,15,4,3,4,2,50,16,1,1629029,93.0
22023,1629029,22300398,"Dec 23, 2023",DAL vs. SAS,W,32,13,27,0.481,5,10,0.5,8,11,0.727,2,10,12,10,1,1,2,1,39,37,1,1629029,72.0
22023,1629029,22300372,"Dec 20, 2023",DAL vs. LAC,L,44,9,25,0.36,2,11,0.182,8,14,0.571,1,8,9,10,1,0,5,1,28,-4,1,1629029,51.25
22023,1629029,22300356,"Dec 18, 2023",DAL @ DEN,L,36,13,24,0.542,6,12,0.5,6,10,0.6,3,8,11,8,0,0,3,1,38,-29,1,1629029,60.75
22023,1629029,22300341,"Dec 16, 2023",DAL @ POR,W,37,15,28,0.536,4,12,0.333,6,6,1.0,2,10,12,10,1,0,4,3,40,-4,1,1629029,68.0
22023,1629029,22300321,"Dec 14, 2023",DAL vs. MIN,L,39,15,27,0.556,2,7,0.286,7,7,1.0,1,5,6,13,2,0,8,2,39,-12,1,1629029,62.0
22023,1629029,22300306,"Dec 12, 2023",DAL vs. LAL,W,43,12,28,0.429,3,10,0.3,6,6,1.0,0,6,6,17,1,0,4,0,33,10,1,1629029,64.0
22023,1629029,22300299,"Dec 11, 2023",DAL @ MEM,W,44,9,21,0.429,5,10,0.5,12,13,0.923,0,8,8,6,2,2,3,3,35,3,1,1629029,61.0
22023,1629029,22301226,"Dec 08, 2023",DAL @ POR,W,41,11,28,0.393,3,14,0.214,7,8,0.875,0,6,6,10,1,1,5,1,32,13,1,1629029,54.5
22023,1629029,22301213,"Dec 06, 2023",DAL vs. UTA,W,32,14,25,0.56,6,12,0.5,6,8,0.75,2,8,10,11,1,0,4,2,40,34,1,1629029,67.0
22023,1629029,22300287,"Dec 02, 2023",DAL vs. OKC,L,46,11,22,0.5,5,13,0.385,9,14,0.643,2,13,15,18,2,2,7,2,36,-7,1,1629029,84.75
22023,1629029,22300059,"Nov 28, 2023",DAL vs. HOU,W,38,15,29,0.517,3,10,0.3,8,9,0.889,0,9,9,9,2,0,0,3,41,12,1,1629029,69.75
22023,1629029,22300244,"Nov 25, 2023",DAL @ LAC,L,38,12,27,0.444,1,8,0.125,5,5,1.0,0,3,3,4,2,2,4,4,30,-14,1,1629029,45.75
22023,1629029,22300238,"Nov 22, 2023",DAL @ LAL,W,39,10,26,0.385,3,12,0.25,7,8,0.875,0,12,12,8,2,0,0,2,30,-11,1,1629029,61.0
22023,1629029,22300212,"Nov 19, 2023",DAL vs. SAC,L,32,7,19,0.368,3,7,0.429,8,10,0.8,1,9,10,7,3,0,2,0,25,-14,1,1629029,52.0
22023,1629029,22300205,"Nov 18, 2023",DAL @ MIL,L,35,15,26,0.577,4,9,0.444,1,4,0.25,1,8,9,9,0,0,3,1,35,-17,1,1629029,56.75
22023,1629029,22300192,"Nov 15, 2023",DAL @ WAS,W,32,7,18,0.389,4,11,0.364,8,12,0.667,1,6,7,10,0,0,3,2,26,12,1,1629029,46.75
22023,1629029,22300022,"Nov 14, 2023",DAL @ NOP,L,26,5,16,0.313,3,5,0.6,3,5,0.6,1,1,2,2,0,0,8,0,16,-26,1,1629029,13.5
22023,1629029,22300183,"Nov 12, 2023",DAL @ NOP,W,28,11,18,0.611,4,9,0.444,4,5,0.8,0,4,4,9,1,0,2,0,30,14,1,1629029,48.5
22023,1629029,22300014,"Nov 10, 2023",DAL vs. LAC,W,32,17,21,0.81,6,9,0.667,4,4,1.0,0,6,6,6,1,0,1,1,44,32,1,1629029,61.5
22023,1629029,22300168,"Nov 08, 2023",DAL vs. TOR,L,38,11,26,0.423,2,10,0.2,7,10,0.7,0,7,7,8,4,1,4,3,31,-7,1,1629029,58.75
22023,1629029,22300147,"Nov 06, 2023",DAL @ ORL,W,35,9,17,0.529,5,10,0.5,6,6,1.0,0,3,3,6,2,0,6,2,29,7,1,1629029,39.75
22023,1629029,22300143,"Nov 05, 2023",DAL vs. CHA,W,36,8,19,0.421,1,9,0.111,6,7,0.857,1,11,12,9,0,1,4,3,23,3,1,1629029,50.5
22023,1629029,22300006,"Nov 03, 2023",DAL @ DEN,L,38,11,24,0.458,6,11,0.545,6,7,0.857,3,7,10,8,0,1,9,2,34,-4,1,1629029,52.5
22023,1629029,22300124,"Nov 01, 2023",DAL vs. CHI,W,40,5,16,0.313,1,8,0.125,7,9,0.778,0,7,7,10,2,1,6,2,18,11,1,1629029,42.75
22023,1629029,22300106,"Oct 30, 2023",DAL @ MEM,W,40,11,22,0.5,6,12,0.5,7,10,0.7,0,12,12,12,1,1,6,4,35,6,1,1629029,67.0
22023,1629029,22300084,"Oct 27, 2023",DAL vs. BKN,W,36,16,25,0.64,9,14,0.643,8,10,0.8,1,9,10,7,0,0,0,1,49,9,1,1629029,72.0
22023,1629029,22300073,"Oct 25, 2023",DAL @ SAS,W,34,13,25,0.52,3,11,0.273,4,7,0.571,1,12,13,10,2,0,4,1,33,4,1,1629029,64.25
