PLAYER_ID,PLAYER_NAME,PRED_FP
203507,Giannis Antetokounmpo,58.531967
1628983,Shai Gilgeous-Alexander,57.040035
203999,Nikola Jokić,56.05526
1630166,Deni Avdija,53.363857
1629029,Luka Dončić,52.634773
1630595,Cade Cunningham,51.468006
1630581,Josh Giddey,50.43782
1630567,Scottie Barnes,50.37148
201935,James Harden,50.28905
1629636,Darius Garland,49.50355
203497,Rudy Gobert,49.300545
1631170,Jaime Jaquez Jr.,49.24458
1641705,Victor Wembanyama,48.323006
202695,Kawhi Leonard,48.121647
1629027,Trae Young,47.952225
1631114,Jalen Williams,47.70426
1630169,Tyrese Haliburton,47.335346
202710,Jimmy Butler III,46.09113
1627734,Domantas Sabonis,45.46881
1629627,Zion Williamson,44.88431
1630560,Cam Thomas,44.76715
1630162,Anthony Edwards,44.646935
1631101,Shaedon Sharpe,44.488277
1630598,Aaron Wiggins,44.26349
1641774,Tristan Vukcevic,44.003235
1626157,Karl-Anthony Towns,43.971767
201939,Stephen Curry,43.765186
1641729,Brice Sensabaugh,43.585747
1628368,De'Aaron Fox,43.574867
202685,Jonas Valančiūnas,42.936306
1628389,Bam Adebayo,42.6944
1628401,Derrick White,42.6508
1642268,Isaiah Collier,41.648605
1627826,Ivica Zubac,41.312855
1642367,Jonathan Mogbo,41.27576
1630202,Payton Pritchard,40.99633
1628378,Donovan Mitchell,40.72625
1629631,De'Andre Hunter,40.20162
1628369,Jayson Tatum,40.172085
203076,Anthony Davis,40.057274
1630700,Dyson Daniels,40.005
1629022,Lonnie Walker IV,39.886967
1630570,Trendon Watford,39.79318
1641710,Anthony Black,39.52719
1629660,Ty Jerome,39.35141
1627747,Caris LeVert,39.090183
1630532,Franz Wagner,38.92647
1630540,Miles McBride,38.900272
1630559,Austin Reaves,38.871387
203468,CJ McCollum,38.833065
1642270,Donovan Clingan,38.62312
1630163,LaMelo Ball,38.369022
101108,Chris Paul,38.114037
1631096,Chet Holmgren,38.088905
1628436,Luke Kornet,37.989742
1642264,Stephon Castle,37.954044
1629661,Cameron Johnson,37.864082
1631117,Walker Kessler,37.6588
202696,Nikola Vučević,37.124382
1641706,Brandon Miller,36.888973
1641708,Amen Thompson,36.839504
2544,LeBron James,36.74144
1630551,Justin Champagnie,36.5387
203932,Aaron Gordon,36.069977
1630178,Tyrese Maxey,35.772263
1629639,Tyler Herro,35.359707
203081,Damian Lillard,35.248306
1628381,John Collins,35.191807
203954,Joel Embiid,34.937172
1629640,Keldon Johnson,34.666435
1628973,Jalen Brunson,34.59751
1630596,Evan Mobley,34.482956
1641764,Brandin Podziemski,34.335415
1631094,Paolo Banchero,34.087547
203078,Bradley Beal,33.712505
1627783,Pascal Siakam,33.539814
1629630,Ja Morant,33.492916
1629656,Quentin Grimes,33.240627
203944,Julius Randle,33.165054
1630168,Onyeka Okongwu,33.120453
1627750,Jamal Murray,33.018234
201942,DeMar DeRozan,32.92581
203952,Andrew Wiggins,32.912144
1628404,Josh Hart,32.908848
1628384,OG Anunoby,32.812325
1628392,Isaiah Hartenstein,32.77635
1641824,Matas Buzelis,32.730434
1629655,Daniel Gafford,32.659267
1630578,Alperen Sengun,32.659084
1631109,Mark Williams,32.65135
1630625,Dalano Banton,32.647583
1630217,Desmond Bane,32.41586
203897,Zach LaVine,32.307137
1642267,Bub Carrington,32.283157
1629645,Kevin Porter Jr.,32.19898
1641737,Adem Bona,32.159065
1642271,Kyle Filipowski,31.946896
1628991,Jaren Jackson Jr.,31.748644
1627749,Dejounte Murray,31.557068
1629632,Coby White,31.413727
1627751,Jakob Poeltl,31.293482
1630200,Tre Jones,31.222399
1629023,P.J. Washington,31.010258
204001,Kristaps Porziņģis,31.008528
201572,Brook Lopez,30.998413
1626164,Devin Booker,30.787891
1626167,Myles Turner,30.605585
1630526,Jeremiah Robinson-Earl,30.470041
1627824,Guerschon Yabusele,30.402601
1629008,Michael Porter Jr.,30.253641
1641798,Jaylen Martin,30.04215
1626171,Bobby Portis,29.976776
1641744,Zach Edey,29.965826
1631095,Jabari Smith Jr.,29.842875
1642276,Kel'el Ware,29.740797
202331,Paul George,29.671131
1630542,Marcus Bagley,29.552439
1627742,Brandon Ingram,29.466446
1631128,Christian Braun,29.394587
203994,Jusuf Nurkić,29.282606
203471,Dennis Schröder,29.237286
1629611,Terance Mann,29.222511
203110,Draymond Green,29.003622
1631097,Bennedict Mathurin,28.97976
1631245,Quenton Jackson,28.946812
201143,Al Horford,28.8598
1630314,Brandon Williams,28.715303
201142,Kevin Durant,28.714117
1630215,Jared Butler,28.689953
1642274,Yves Missi,28.528976
1630170,Devin Vassell,28.524416
1629012,Collin Sexton,28.479994
1630180,Saddiq Bey,28.468002
1629673,Jordan Poole,28.30277
1630173,Precious Achiuwa,28.203217
1641718,Keyonte George,28.09969
1629013,Landry Shamet,28.049826
1641736,Reece Beekman,28.04255
1641739,Toumani Camara,28.017923
1628398,Kyle Kuzma,27.953707
1630193,Immanuel Quickley,27.919102
1630549,Day'Ron Sharpe,27.783047
201566,Russell Westbrook,27.664726
1629014,Anfernee Simons,27.632915
202681,Kyrie Irving,27.615227
1630552,Jalen Johnson,27.604866
1628374,Lauri Markkanen,27.284998
1626162,Kelly Oubre Jr.,27.21702
1631105,Jalen Duren,27.10253
203084,Harrison Barnes,27.101492
1631106,Tari Eason,27.066017
1631255,Karlo Matković,26.838976
1631131,Oscar Tshiebwe,26.795883
1641732,Colby Jones,26.788172
1631165,Keon Ellis,26.748138
1641712,Rayan Rupert,26.634857
1631166,Drew Timme,26.574457
201950,Jrue Holiday,26.483818
1642266,Ja'Kobe Walter,26.47693
1631099,Keegan Murray,26.39058
1628970,Miles Bridges,26.387373
1630530,Trey Murphy III,26.335627
1629651,Nic Claxton,26.251339
1630558,Davion Mitchell,26.241163
1629628,RJ Barrett,26.2267
1641709,Ausar Thompson,26.165222
1642347,Jamal Shead,26.147726
1627736,Malik Beasley,25.807951
1630249,Vít Krejčí,25.786491
1628969,Mikal Bridges,25.775953
1630592,Jalen Wilson,25.769955
1630224,Jalen Green,25.749634
1642259,Alex Sarr,25.543982
1629028,Deandre Ayton,25.470509
1630230,Naji Marshall,25.211092
1629652,Luguentz Dort,25.202625
1631204,Marcus Sasser,25.105112
1631093,Jaden Ivey,24.910728
1630198,Isaiah Joe,24.88881
203937,Kyle Anderson,24.873182
1642419,Jamison Battle,24.865707
1629638,Nickeil Alexander-Walker,24.697062
1627827,Dorian Finney-Smith,24.65468
1627936,Alex Caruso,24.58648
1628971,Bruce Brown,24.568933
1630534,Ochai Agbaji,24.53972
203903,Jordan Clarkson,24.53299
1630590,Scotty Pippen Jr.,24.528946
1631216,Caleb Houstan,24.522186
1628386,Jarrett Allen,24.51378
1641783,Tristan da Silva,24.454416
1627759,Jaylen Brown,24.43747
1628989,Kevin Huerter,24.391392
1630631,Jose Alvarado,24.335274
1641715,Cam Whitmore,24.321072
1631288,Jamal Cain,24.275629
1629650,Moses Brown,24.245077
1630577,Julian Champagnie,24.041485
1641810,Antonio Reeves,24.015955
1641716,Jarace Walker,23.933493
1641796,Pelle Larsson,23.925005
1630548,Johnny Juzang,23.905767
1641763,Julian Phillips,23.74478
203924,Jerami Grant,23.727232
1629680,Matisse Thybulle,23.607502
203915,Spencer Dinwiddie,23.542725
1631115,Orlando Robinson,23.431242
202699,Tobias Harris,23.405285
1630228,Jonathan Kuminga,23.37977
1629011,Mitchell Robinson,23.306152
1630572,Sandro Mamukelashvili,23.226711
1641726,Dereck Lively II,23.159828
1629684,Grant Williams,23.083502
203482,Kelly Olynyk,22.874802
1641733,Nick Smith Jr.,22.802685
1630241,Sam Merrill,22.709017
1642263,Reed Sheppard,22.699926
1631200,Kris Murray,22.699444
1630692,Jordan Goodwin,22.54483
1629622,Max Strus,22.501194
1631248,Baylor Scheierman,22.482878
1642346,Ryan Dunn,22.482422
1631311,Lester Quinones,22.446177
1630165,Killian Hayes,22.376629
1630573,Sam Hauser,22.284569
1629675,Naz Reid,22.240746
1631217,Moussa Diabaté,22.151266
1629001,De'Anthony Melton,22.115734
1630245,Ayo Dosunmu,22.108646
203991,Clint Capela,22.053345
1630183,Jaden McDaniels,22.003761
203083,Andre Drummond,21.919895
1631213,Tyrese Martin,21.908976
1631221,Collin Gillespie,21.859726
1628976,Wendell Carter Jr.,21.819977
1628978,Donte DiVincenzo,21.778677
1642355,Bronny James,21.701344
1631157,Ryan Rollins,21.691088
1630583,Santi Aldama,21.6578
1630167,Obi Toppin,21.643745
1630702,Jaden Hardy,21.618202
1641787,Tosan Evbuomwan,21.612135
1630553,Keon Johnson,21.599073
1627832,Fred VanVleet,21.496473
1629060,Rui Hachimura,21.496407
1630171,Isaac Okoro,21.486687
1630703,Scoot Henderson,21.463203
1629026,Kenrich Williams,21.462435
1641854,Craig Porter Jr.,21.368944
1629659,Talen Horton-Tucker,21.315294
1642358,AJ Johnson,21.149065
1626168,Trey Lyles,21.14338
1631232,Keion Brooks Jr.,21.111427
1630188,Jalen Smith,21.108452
1628997,Caleb Martin,20.95508
1631197,Jared Rhoden,20.950254
1630288,Jeff Dowtin Jr.,20.915012
1628960,Grayson Allen,20.900627
1627763,Malcolm Brogdon,20.879803
1641717,Cason Wallace,20.804512
1627739,Kris Dunn,20.792076
1630174,Aaron Nesmith,20.729233
1630164,James Wiseman,20.704432
1629312,Haywood Highsmith,20.612202
1641741,Ricky Council IV,20.562675
1627884,Derrick Jones Jr.,20.533186
1628366,Lonzo Ball,20.50745
1641707,Taylor Hendricks,20.471035
1626181,Norman Powell,20.387102
1642354,KJ Simpson,20.386108
202684,Tristan Thompson,20.325193
1631108,Max Christie,20.32034
1631250,Pete Nance,20.313168
1642258,Zaccharie Risacher,20.300516
1629004,Svi Mykhailiuk,20.297838
1629052,Oshae Brissett,20.295137
1631212,Peyton Watson,20.271767
1631246,Vince Williams Jr.,20.21871
1631119,Jaylin Williams,20.213327
1631243,Mouhamed Gueye,20.207935
1630541,Moses Moody,20.199514
1642345,Oso Ighodaro,20.18993
1629057,Robert Williams III,20.044918
1630175,Cole Anthony,19.931015
1630591,Jalen Suggs,19.73487
1628371,Jonathan Isaac,19.700552
1642272,Jared McCain,19.697533
1631110,Jeremy Sochan,19.69453
1642277,Johnny Furphy,19.55972
1629111,Jock Landale,19.556305
1641720,Jalen Hood-Schifino,19.522438
1642273,Kyshawn George,19.508291
1631103,Malaki Branham,19.500927
1628415,Dillon Brooks,19.477217
1641734,Emoni Bates,19.461998
1630208,Nick Richards,19.382061
1641878,Damion Baugh,19.320538
203992,Bogdan Bogdanović,19.290571
1629643,Chuma Okeke,19.289038
1642368,N'Faly Dante,19.27403
1631222,Jake LaRavia,19.247757
1642402,Enrique Freeman,19.243414
1629614,Andrew Nembhard,19.178505
1631104,Blake Wesley,19.167358
1630527,Brandon Boston,19.061424
1630544,Tre Mann,19.032059
203901,Elfrid Payton,19.029837
1629018,Gary Trent Jr.,19.010561
1630658,Colin Castleton,18.99342
202691,Klay Thompson,18.962816
202693,Markieff Morris,18.94261
1629048,Goga Bitadze,18.769154
1642449,Tolu Smith,18.755545
1630639,A.J. Lawson,18.754244
1630585,Marcus Garrett,18.65086
1628380,Zach Collins,18.552246
1642352,Keshad Johnson,18.549038
1627752,Taurean Prince,18.549019
1642484,RayJ Dennis,18.499928
1630539,Kai Jones,18.48047
1629634,Brandon Clarke,18.468184
203500,Steven Adams,18.461853
1629674,Neemias Queta,18.445248
1628379,Luke Kennard,18.320698
1629006,Josh Okogie,18.306103
1642377,Jaylen Wells,18.294783
1630695,Micah Potter,18.292948
1626192,Pat Connaughton,18.273325
203114,Khris Middleton,18.247952
1630191,Isaiah Stewart,18.230547
1641731,Bilal Coulibaly,18.211927
1628370,Malik Monk,18.124403
1631133,Jabari Walker,18.059917
1642275,Tidjane Salaün,18.044125
1626166,Cameron Payne,18.015789
1641730,Noah Clowney,18.003056
1630811,Keaton Wallace,17.963095
1629130,Duncan Robinson,17.912558
1630172,Patrick Williams,17.90327
1626145,Tyus Jones,17.844908
1627780,Gary Payton II,17.816328
204456,T.J. McConnell,17.78455
1631306,Cole Swider,17.679205
1630243,Trevelin Queen,17.640913
201144,Mike Conley,17.622227
1641722,Jordan Hawkins,17.555187
1626220,Royce O'Neale,17.546072
1631107,Nikola Jović,17.468933
1630533,Ziaire Williams,17.441822
1642269,Devin Carter,17.350084
1642281,Jaylon Tyson,17.345387
1627777,Georges Niang,17.312979
1642382,Branden Carlson,17.288467
1631132,Christian Koloko,17.239624
1629020,Jarred Vanderbilt,17.183828
1628396,Tony Bradley,17.15873
1630543,Isaiah Jackson,17.128994
1642349,Ajay Mitchell,17.119413
203552,Seth Curry,17.088219
1629669,Jaylen Nowell,17.081753
1641721,Maxwell Lewis,17.059229
1631260,AJ Green,17.0261
1626153,Delon Wright,16.97105
1629610,DaQuan Jeffries,16.942688
1628470,Torrey Craig,16.89586
1641772,Nae'Qwan Tomlin,16.726053
1642348,Justin Edwards,16.70339
201599,DeAndre Jordan,16.591648
203486,Mason Plumlee,16.55583
1630557,Corey Kispert,16.542917
1630556,Kessler Edwards,16.419102
1631207,Dalen Terry,16.379948
1626156,D'Angelo Russell,16.360313
202692,Alec Burks,16.353628
1631123,Jamaree Bouyea,16.30483
1628988,Aaron Holiday,16.287458
1627741,Buddy Hield,16.285902
1629003,Shake Milton,16.283194
203484,Kentavious Caldwell-Pope,16.191364
1628418,Thomas Bryant,16.122301
1628975,Jevon Carter,16.088476
1641794,Dillon Jones,16.070272
1630529,Herbert Jones,15.984817
1630531,Jaden Springer,15.915974
1626204,Larry Nance Jr.,15.883836
1629021,Moritz Wagner,15.875493
1630205,Lamar Stevens,15.782325
1630194,Paul Reed,15.770402
1631111,Wendell Moore Jr.,15.762629
1642285,Cam Spencer,15.735262
1641765,Olivier-Maxence Prosper,15.729957
1641752,Bobi Klintman,15.693986
1628420,Monté Morris,15.6533575
1641711,Gradey Dick,15.59341
201587,Nicolas Batum,15.586195
202709,Cory Joseph,15.550845
1628963,Marvin Bagley III,15.508242
1626158,Richaun Holmes,15.455285
1641842,Ronald Holland II,15.451931
1631342,Daeqwon Plowden,15.274803
1641775,Jordan Walsh,15.241249
1630322,Lindy Waters III,15.187911
201959,Taj Gibson,15.170663
1626179,Terry Rozier,15.151147
203935,Marcus Smart,15.10803
1641767,Ben Sheppard,15.1056595
1629637,Jaxson Hayes,15.090046
203957,Danté Exum,15.056071
1642530,Yuki Kawamura,14.975396
1642262,Cody Williams,14.974635
1642024,Alex Reese,14.960203
1629618,Jalen Pickett,14.945157
203914,Gary Harris,14.940979
1642261,Dalton Knecht,14.728826
1630643,Jay Huff,14.702523
1630696,Dru Smith,14.480112
1641890,Tyler Smith,14.458631
1630256,Jae'Sean Tate,14.010832
1641936,Miles Norris,13.996296
1642505,Alex Ducas,13.897117
1641755,Kevin McCullar Jr.,13.885433
1641871,Duop Reath,13.877619
202704,Reggie Jackson,13.85052
1628449,Chris Boucher,13.796345
1630623,Tyson Etienne,13.719663
1628964,Mo Bamba,13.659052
203501,Tim Hardaway Jr.,13.642273
1626172,Kevon Looney,13.616626
1628464,Daniel Theis,13.316678
1630528,Josh Christopher,13.211288
1642278,Tyler Kolek,13.0372
1630182,Josh Green,12.99589
202687,Bismack Biyombo,12.983141
1631230,Dominick Barlow,12.967929
201145,Jeff Green,12.8383665
1631210,Jacob Toppin,12.751392
1630550,JT Thor,12.660543
1630283,Kylor Kelley,12.658643
1630201,Malachi Flynn,12.536296
1629731,Dean Wade,12.509238
1641724,Jett Howard,12.455242
1630231,KJ Martin,12.3516035
1631323,Simone Fontecchio,12.3196745
1631466,Nate Williams,12.22177
1629726,Garrison Mathews,12.168359
1628365,Markelle Fultz,12.031424
1631124,Julian Strawther,11.870583
1630574,Ariel Hukporti,11.816736
1641879,Yuri Collins,11.759616
1642366,Quinten Post,11.561893
201988,Patty Mills,11.4826765
1641713,GG Jackson,11.391257
1631102,TyTy Washington Jr.,10.991848
1641738,Kobe Brown,10.971779
1642461,Spencer Jones,10.953102
1631303,Justin Minaya,10.865527
1629750,Javonte Green,10.848448
201567,Kevin Love,10.845058
1629723,John Konchar,10.77271
1641725,Trey Alexander,10.715963
1641790,PJ Hall,10.664904
200782,P.J. Tucker,10.576603
1642050,Jackson Rowe,10.340847
1631321,Sidy Cissoko,10.169733
1629216,Gabe Vincent,10.140458
1641748,Andre Jackson Jr.,10.105707
1628995,Kevin Knox II,10.06537
1631199,Ron Harper Jr.,9.99156
1630311,Pat Spencer,9.947439
202066,Garrett Temple,9.834578
1641727,Dariq Whitehead,9.806715
1630604,E.J. Liddell,9.772917
203926,Doug McDermott,9.71413
1629626,Bol Bol,9.697267
1641816,Hunter Tyson,9.592219
1631120,JD Davison,9.529255
1630579,Jericho Sims,9.459852
1631209,Isaiah Wong,9.451008
200768,Kyle Lowry,9.368842
1631386,Tazé Moore,9.348835
1641766,Adama Sanogo,9.315925
1631127,Harrison Ingram,9.243155
1629234,Drew Eubanks,9.232473
1627814,Damion Lee,9.195883
201569,Eric Gordon,9.188595
1642450,Daniss Jenkins,9.17953
1641745,Adam Flagler,9.177129
203458,Alex Len,9.092665
1631223,David Roddy,9.082606
1642439,Quincy Olivari,9.046192
1641809,Drew Peterson,9.01931
1631098,Johnny Davis,8.974547
1627732,Ben Simmons,8.938983
1630568,Luka Garza,8.890086
1630699,MarJon Beauchamp,8.718472
1641779,Jalen Bridges,8.684174
1641998,Trey Jemison III,8.670433
1630214,Xavier Tillman,8.622156
1631169,Josh Minott,8.6036415
1641753,Chris Livingston,8.469588
1630192,Zeke Nnaji,8.459776
1629098,Jack McVeigh,8.420123
1641801,Emanuel Miller,8.412104
1642443,Jahmir Young,8.394991
1628467,Maxi Kleber,8.36042
1630762,Phillip Wheeler,8.30871
1629646,Charles Bassey,8.273776
201949,James Johnson,8.167451
1630649,Stanley Umude,8.0738535
1630561,David Duke Jr.,8.062781
1631116,Patrick Baldwin Jr.,7.941232
1630264,Anthony Gill,7.8920627
1626196,Josh Richardson,7.8718643
1641723,Kobe Bufkin,7.6552734
1631214,Alondes Williams,7.6067743
1642353,Cam Christie,7.59737
1641740,Jaylen Clark,7.5467606
1631218,Trayce Jackson-Davis,7.482976
203939,Dwight Powell,7.41769
203967,Dario Šarić,7.4132247
1629162,Jordan McLaughlin,7.406802
1642403,Isaac Jones,7.403808
1641817,Anton Watson,7.3780766
1628427,Vlatko Čančar,7.178307
1630296,Braxton Key,7.1228576
1642434,Riley Minix,7.102006
1629629,Cam Reddish,7.0771036
1631159,Leonard Miller,6.9932985
1628408,PJ Dozier,6.779665
1629599,Amir Coffey,6.5332465
203109,Jae Crowder,6.525895
1642280,Trentyn Flowers,6.441127
1631172,Ousmane Dieng,6.4384294
1631247,Luke Travers,6.407041
1630644,Mac McClung,6.3106103
1642384,Isaiah Crawford,6.3018427
1628998,Cody Martin,6.2655673
1630611,Gui Santos,6.222232
1630227,Daishen Nix,6.099277
1641803,Tristen Newton,6.0699115
1630537,Chris Duarte,6.010664
1630618,D.J. Carton,5.7345057
1642399,Jesse Edwards,5.6491365
203995,Vasilije Micić,5.562695
1641815,Isaiah Stevens,5.538303
1642359,Pacome Dadiet,5.4710355
1631121,Bryce McGowens,5.3016906
1630346,Matt Ryan,5.301576
1626143,Jahlil Okafor,5.165532
1641789,Jazian Gortman,5.1216846
1628981,Bruno Fernando,5.1063337
1642502,Malevy Leons,4.9351573
1642385,Cui Yongxi,4.914615
1630538,Bones Hyland,4.796222
1641757,Jordan Miller,4.7620707
204060,Joe Ingles,4.7553334
1642279,Ulrich Chomche,4.6515822
1630678,Terry Taylor,4.6167517
1642422,Armel Traoré,4.6011977
1642265,Rob Dillingham,4.5189676
1641857,Liam Robbins,4.515368
1629667,Jalen McDaniels,4.468521
1627746,Skal Labissiere,4.3539095
1642389,Zyon Pullin,4.3471503
1630222,Mason Jones,4.2086253
1630545,Terrence Shannon Jr.,4.0938907
1641989,Elijah Harkless,3.747234
1641754,Seth Lundy,3.1373281
