TEAM_ID,OPP_TEAM_ID,IS_HOME,GAME_DATE
1610612749,1610612755,1,2025-02-09
1610612755,1610612749,0,2025-02-09
1610612745,1610612761,1,2025-02-09
1610612761,1610612745,0,2025-02-09
1610612749,1610612755,1,2025-02-09
1610612755,1610612749,0,2025-02-09
1610612765,1610612766,1,2025-02-09
1610612766,1610612765,0,2025-02-09
1610612745,1610612761,1,2025-02-09
1610612761,1610612745,0,2025-02-09
1610612765,1610612766,1,2025-02-09
1610612766,1610612765,0,2025-02-09
1610612764,1610612737,1,2025-02-08
1610612737,1610612764,0,2025-02-08
1610612742,1610612745,1,2025-02-08
1610612745,1610612742,0,2025-02-08
1610612756,1610612743,1,2025-02-08
1610612743,1610612756,0,2025-02-08
1610612763,1610612760,1,2025-02-08
1610612760,1610612763,0,2025-02-08
1610612758,1610612740,1,2025-02-08
1610612740,1610612758,0,2025-02-08
1610612756,1610612743,1,2025-02-08
1610612743,1610612756,0,2025-02-08
1610612741,1610612744,1,2025-02-08
1610612744,1610612741,0,2025-02-08
1610612747,1610612754,1,2025-02-08
1610612754,1610612747,0,2025-02-08
1610612746,1610612762,1,2025-02-08
1610612762,1610612746,0,2025-02-08
1610612758,1610612740,1,2025-02-08
1610612740,1610612758,0,2025-02-08
1610612753,1610612759,1,2025-02-08
1610612759,1610612753,0,2025-02-08
1610612750,1610612757,1,2025-02-08
1610612757,1610612750,0,2025-02-08
1610612750,1610612757,1,2025-02-08
1610612757,1610612750,0,2025-02-08
1610612752,1610612738,1,2025-02-08
1610612738,1610612752,0,2025-02-08
1610612741,1610612744,1,2025-02-08
1610612744,1610612741,0,2025-02-08
1610612763,1610612760,1,2025-02-08
1610612760,1610612763,0,2025-02-08
1610612747,1610612754,1,2025-02-08
1610612754,1610612747,0,2025-02-08
1610612764,1610612737,1,2025-02-08
1610612737,1610612764,0,2025-02-08
1610612753,1610612759,1,2025-02-08
1610612759,1610612753,0,2025-02-08
1610612752,1610612738,1,2025-02-08
1610612738,1610612752,0,2025-02-08
1610612742,1610612745,1,2025-02-08
1610612745,1610612742,0,2025-02-08
1610612746,1610612762,1,2025-02-08
1610612762,1610612746,0,2025-02-08
1610612751,1610612748,1,2025-02-07
1610612748,1610612751,0,2025-02-07
1610612760,1610612761,1,2025-02-07
1610612761,1610612760,0,2025-02-07
1610612737,1610612749,1,2025-02-07
1610612749,1610612737,0,2025-02-07
1610612751,1610612748,1,2025-02-07
1610612748,1610612751,0,2025-02-07
1610612764,1610612739,1,2025-02-07
1610612739,1610612764,0,2025-02-07
1610612760,1610612761,1,2025-02-07
1610612761,1610612760,0,2025-02-07
1610612765,1610612755,1,2025-02-07
1610612755,1610612765,0,2025-02-07
1610612766,1610612759,1,2025-02-07
1610612759,1610612766,0,2025-02-07
1610612766,1610612759,1,2025-02-07
1610612759,1610612766,0,2025-02-07
1610612765,1610612755,1,2025-02-07
1610612755,1610612765,0,2025-02-07
1610612764,1610612739,1,2025-02-07
1610612739,1610612764,0,2025-02-07
1610612737,1610612749,1,2025-02-07
1610612749,1610612737,0,2025-02-07
1610612756,1610612762,1,2025-02-07
1610612762,1610612756,0,2025-02-07
1610612756,1610612762,1,2025-02-07
1610612762,1610612756,0,2025-02-07
1610612757,1610612758,1,2025-02-06
1610612758,1610612757,0,2025-02-06
1610612750,1610612745,1,2025-02-06
1610612745,1610612750,0,2025-02-06
1610612738,1610612742,1,2025-02-06
1610612742,1610612738,0,2025-02-06
1610612738,1610612742,1,2025-02-06
1610612742,1610612738,0,2025-02-06
1610612743,1610612753,1,2025-02-06
1610612753,1610612743,0,2025-02-06
1610612747,1610612744,1,2025-02-06
1610612744,1610612747,0,2025-02-06
1610612746,1610612754,1,2025-02-06
1610612754,1610612746,0,2025-02-06
1610612746,1610612754,1,2025-02-06
1610612754,1610612746,0,2025-02-06
1610612743,1610612753,1,2025-02-06
1610612753,1610612743,0,2025-02-06
1610612750,1610612745,1,2025-02-06
1610612745,1610612750,0,2025-02-06
1610612757,1610612758,1,2025-02-06
1610612758,1610612757,0,2025-02-06
1610612747,1610612744,1,2025-02-06
1610612744,1610612747,0,2025-02-06
1610612755,1610612748,1,2025-02-05
1610612748,1610612755,0,2025-02-05
1610612743,1610612740,1,2025-02-05
1610612740,1610612743,0,2025-02-05
1610612762,1610612744,1,2025-02-05
1610612744,1610612762,0,2025-02-05
1610612750,1610612741,1,2025-02-05
1610612741,1610612750,0,2025-02-05
1610612758,1610612753,1,2025-02-05
1610612753,1610612758,0,2025-02-05
1610612751,1610612764,1,2025-02-05
1610612764,1610612751,0,2025-02-05
1610612755,1610612748,1,2025-02-05
1610612748,1610612755,0,2025-02-05
1610612762,1610612744,1,2025-02-05
1610612744,1610612762,0,2025-02-05
1610612765,1610612739,1,2025-02-05
1610612739,1610612765,0,2025-02-05
1610612758,1610612753,1,2025-02-05
1610612753,1610612758,0,2025-02-05
1610612750,1610612741,1,2025-02-05
1610612741,1610612750,0,2025-02-05
1610612760,1610612756,1,2025-02-05
1610612756,1610612760,0,2025-02-05
1610612737,1610612759,1,2025-02-05
1610612759,1610612737,0,2025-02-05
1610612766,1610612749,1,2025-02-05
1610612749,1610612766,0,2025-02-05
1610612761,1610612763,1,2025-02-05
1610612763,1610612761,0,2025-02-05
1610612765,1610612739,1,2025-02-05
1610612739,1610612765,0,2025-02-05
1610612760,1610612756,1,2025-02-05
1610612756,1610612760,0,2025-02-05
1610612737,1610612759,1,2025-02-05
1610612759,1610612737,0,2025-02-05
1610612761,1610612763,1,2025-02-05
1610612763,1610612761,0,2025-02-05
1610612751,1610612764,1,2025-02-05
1610612764,1610612751,0,2025-02-05
1610612766,1610612749,1,2025-02-05
1610612749,1610612766,0,2025-02-05
1610612743,1610612740,1,2025-02-05
1610612740,1610612743,0,2025-02-05
1610612755,1610612742,1,2025-02-04
1610612742,1610612755,0,2025-02-04
1610612761,1610612752,1,2025-02-04
1610612752,1610612761,0,2025-02-04
1610612739,1610612738,1,2025-02-04
1610612738,1610612739,0,2025-02-04
1610612741,1610612748,1,2025-02-04
1610612748,1610612741,0,2025-02-04
1610612746,1610612747,1,2025-02-04
1610612747,1610612746,0,2025-02-04
1610612746,1610612747,1,2025-02-04
1610612747,1610612746,0,2025-02-04
1610612761,1610612752,1,2025-02-04
1610612752,1610612761,0,2025-02-04
1610612741,1610612748,1,2025-02-04
1610612748,1610612741,0,2025-02-04
1610612757,1610612754,1,2025-02-04
1610612754,1610612757,0,2025-02-04
1610612755,1610612742,1,2025-02-04
1610612742,1610612755,0,2025-02-04
1610612751,1610612745,1,2025-02-04
1610612745,1610612751,0,2025-02-04
1610612757,1610612754,1,2025-02-04
1610612754,1610612757,0,2025-02-04
1610612751,1610612745,1,2025-02-04
1610612745,1610612751,0,2025-02-04
1610612739,1610612738,1,2025-02-04
1610612738,1610612739,0,2025-02-04
1610612752,1610612745,1,2025-02-03
1610612745,1610612752,0,2025-02-03
1610612763,1610612759,1,2025-02-03
1610612759,1610612763,0,2025-02-03
1610612750,1610612758,1,2025-02-03
1610612758,1610612750,0,2025-02-03
1610612750,1610612758,1,2025-02-03
1610612758,1610612750,0,2025-02-03
1610612760,1610612749,1,2025-02-03
1610612749,1610612760,0,2025-02-03
1610612743,1610612740,1,2025-02-03
1610612740,1610612743,0,2025-02-03
1610612757,1610612756,1,2025-02-03
1610612756,1610612757,0,2025-02-03
1610612760,1610612749,1,2025-02-03
1610612749,1610612760,0,2025-02-03
1610612752,1610612745,1,2025-02-03
1610612745,1610612752,0,2025-02-03
1610612765,1610612737,1,2025-02-03
1610612737,1610612765,0,2025-02-03
1610612743,1610612740,1,2025-02-03
1610612740,1610612743,0,2025-02-03
1610612762,1610612754,1,2025-02-03
1610612754,1610612762,0,2025-02-03
1610612763,1610612759,1,2025-02-03
1610612759,1610612763,0,2025-02-03
1610612744,1610612753,1,2025-02-03
1610612753,1610612744,0,2025-02-03
1610612757,1610612756,1,2025-02-03
1610612756,1610612757,0,2025-02-03
1610612762,1610612754,1,2025-02-03
1610612754,1610612762,0,2025-02-03
1610612766,1610612764,1,2025-02-03
1610612764,1610612766,0,2025-02-03
1610612765,1610612737,1,2025-02-03
1610612737,1610612765,0,2025-02-03
1610612744,1610612753,1,2025-02-03
1610612753,1610612744,0,2025-02-03
1610612766,1610612764,1,2025-02-03
1610612764,1610612766,0,2025-02-03
